{"artist": "David Hudson", "timestamp": "2011-09-07 13:46:30.719506", "similars": [["TRBSANJ128F4267A76", 0.85931500000000005], ["TRYIXZP128F92DDBD9", 0.72117200000000004], ["TRDMAEU128F4267928", 0.63582799999999995], ["TROUAEG128F429354A", 0.52258099999999996], ["TRHZLIM128F92C9D5D", 0.490865], ["TRHJMSB128F9345021", 0.48602099999999998]], "tags": [["didge", "100"], ["didgeridoo", "75"], ["didjeriduh", "50"], ["live-walkabout", "50"], ["didgeridoo player", "50"], ["castro and the didgecrew", "50"], ["didgecrew", "50"], ["didgeridoomusic", "50"], ["didgeridoomusik", "50"], ["didgeridu", "50"], ["didjeridu", "50"], ["Nature", "50"], ["World Ethno", "25"], ["castro", "25"], ["Alan Dargin", "25"], ["Ganga Giri", "25"], ["Walkabout", "25"], ["didgeridoo music", "25"], ["didgeridoo musik", "25"], ["Klassik", "25"], ["yedaki", "25"], ["haunting", "25"], ["australia", "25"], ["Classical", "25"], ["instrumental", "25"]], "track_id": "TRABQDK128F9308F8E", "title": "Arrival"}