{"artist": "Mary Black", "timestamp": "2011-08-12 05:45:38.977113", "similars": [], "tags": [["celtic", "100"], ["irish", "75"], ["mary black", "50"], ["folk", "37"], ["acoustic", "25"], ["pop", "25"], ["turning away", "12"], ["AnArtfuldodger", "12"], ["burping troll", "12"], ["irisch", "12"], ["Garbarek", "12"], ["New Age Collection", "12"], ["stimme", "12"], ["celtic woman", "12"], ["european", "12"], ["celtic music", "12"], ["Irish Folk", "12"], ["feelings", "12"], ["Voice", "12"], ["folk-rock", "12"], ["evening", "12"], ["folk-pop", "12"], ["favorites", "12"], ["female vocal", "12"], ["new age", "12"], ["ambient", "12"], ["Alt-country", "12"], ["heard on Pandora", "0"], ["cdfty", "0"], ["anguesandepu", "0"]], "track_id": "TRABOOL128F426E836", "title": "Turning Away"}