{"artist": "The Dillinger Escape Plan", "timestamp": "2011-08-12 13:39:31.292664", "similars": [["TRHAEWD128F4290F97", 1], ["TRSOOTZ128F4290F95", 0.95692900000000003], ["TRALHMS128F930C08C", 0.184612], ["TRGGTEM128F42963A7", 0.104157], ["TRLBWDV128F92D8274", 0.103642], ["TRAFCKF12903CF42FF", 0.101435], ["TRFTAUI128F934B758", 0.099435800000000005], ["TRDSAXN128F934B75A", 0.098543199999999997], ["TRUNZPZ128F930FDEA", 0.089708399999999994], ["TRFOTTC128F930FDE4", 0.086960899999999994], ["TRZOQXM12903CD68B4", 0.083383200000000005], ["TRMMRZW128EF34DF59", 0.079938899999999993], ["TRPQQJJ128F422936D", 0.075722200000000003], ["TRVGXJZ128F93206BE", 0.0744422], ["TRRPYQZ128EF34DF5C", 0.069158399999999995], ["TRSWTKB128F148570A", 0.065629900000000005], ["TRPQBJI128F42752B4", 0.064702499999999996], ["TRDLCGT128F42780DE", 0.0619795], ["TRJVZYM12903D09FE9", 0.060709899999999997], ["TRTFTHE128F4296746", 0.058344699999999999], ["TREQNBK128F428F9FC", 0.049235599999999997], ["TRWVXBE128EF3449AD", 0.0472022], ["TRKSILS128F149F0D6", 0.046088499999999998], ["TRBAKDS128F428F9FD", 0.046074200000000003], ["TRFRWGE128F9320881", 0.039607099999999999], ["TRAGTEH128F93206C3", 0.039607099999999999], ["TRRTFFP128F422C0DB", 0.025168900000000001], ["TRFBHYY128F934B530", 0.023101500000000001], ["TRPKUMW12903CEA9C0", 0.0024693699999999998], ["TRMRMRN128F428440A", 0.0024261700000000001], ["TRPRZJB12903CAEB22", 0.0024261700000000001], ["TRBZRJN128F4290FF3", 0.0024159099999999998], ["TRHFSSX128F42663F8", 0.0023734099999999998], ["TREGFQP12903CA8171", 0.0023734099999999998], ["TRZROPU128F93069CD", 0.0022125299999999999], ["TRITRGV12903CEA9C4", 0.0021684999999999999], ["TRABUYT128F93069C8", 0.0020063899999999998], ["TRHCDNE12903CB164C", 0.0019855799999999998], ["TRVGEZY128F428ADF7", 0.0019855799999999998], ["TRXMQRB128F428B6D3", 0.0018314], ["TRJIOJC128F42320BC", 0.00176906], ["TRKFTII128F42320B5", 0.0017671], ["TRQIMTO128F934B56E", 0.00175365], ["TRNJEEJ128F428CFCE", 0.00172857], ["TRXNKYD12903D14C96", 0.0017273099999999999], ["TRHTOJF128F92EA114", 0.0017192100000000001], ["TRRAGZW128F92EA110", 0.0017190199999999999], ["TRJKSRT128F4286CDF", 0.0017189499999999999], ["TRYIKMC128F934BC1C", 0.0017119699999999999], ["TRFJLPO128F4291471", 0.0017079700000000001], ["TRJROJL128F428CA33", 0.0017079700000000001], ["TRQRUTM128F1482512", 0.0016472100000000001], ["TRVJHAQ12903D080A8", 0.0016472100000000001], ["TREXDSG12903CF1C73", 0.0016442399999999999], ["TRSYIGQ12903CF1539", 0.00164404], ["TRHZMIF128F933926A", 0.00162788], ["TRBKPNT128F9339269", 0.00161338], ["TRNPPNY128F4248485", 0.00153962], ["TRCOTKK128EF3449AC", 0.0015018799999999999], ["TRWAQJC12903CDD9FA", 0.0014745100000000001], ["TROAINF128F1487EFA", 0.00144556], ["TROIQIO12903CD1C26", 0.0014448900000000001], ["TRJYTJG128F424847D", 0.0014320800000000001], ["TRGVOJX128F934BC14", 0.0014315199999999999], ["TRVOHEV128F9330EC0", 0.00141171], ["TRQYJGH12903CFFEEA", 0.0014005999999999999], ["TRWDHVW12903CB4A8F", 0.00137166], ["TRCDUGY128F4262640", 0.0013646699999999999], ["TRADAZP12903D0A480", 0.0013641899999999999]], "tags": [["mathcore", "100"], ["hardcore", "49"], ["experimental", "41"], ["metalcore", "37"], ["metal", "35"], ["jazz", "15"], ["math metal", "15"], ["Progressive metal", "9"], ["jazzcore", "5"], ["favourite", "5"], ["favorites", "5"], ["Favorite", "5"], ["post-hardcore", "5"], ["experimental metal", "3"], ["progressive mathcore", "3"], ["Music to Kill homeless people to", "3"], ["chaotic hardcore", "3"], ["melodic", "3"], ["screamo", "3"], ["post-rock", "3"], ["Technical Metal", "3"], ["emo", "3"], ["guysfuckinrule", "3"], ["Post-core", "3"], ["genrelessimo", "1"], ["fucking good music", "1"], ["choon of the highest calibre", "1"], ["living rope favorites", "1"], ["more fun than a stick in the eye", "1"], ["Bubu label", "1"], ["sandwich", "1"], ["weeklytops", "1"], ["prog core", "1"], ["Album Makers", "1"], ["clean vocals", "1"], ["exhilarating", "1"], ["choon", "1"], ["riff", "1"], ["in your face", "1"], ["running music", "1"], ["not emo", "1"], ["Calculus", "1"], [":4star", "1"], ["still sound like a revelation", "1"], ["porgcore", "1"], ["this is how guitars are supposed to sound", "1"], ["songs i would rock out in my room to", "1"], ["technische Metalcore", "1"], ["avantgardistischer Metalcore", "1"], ["alicemugshot-orange", "1"], ["prosto pizdec", "1"], ["orgasssssm", "1"], ["temita", "1"], ["alicemugshot", "1"], ["Go Out And Kick Some Ass", "1"], ["independent metal", "1"], ["jeas-reinhoer-ok", "1"], ["contains one of the greatest moments in music history", "1"], ["she loves the hash", "1"], ["cock suckers delight", "1"], ["good9", "1"], ["good7", "1"], ["Bands that I should listen to more", "1"], ["WarmDeath", "1"], ["brilliant sleek mathcore with a little pinch of spazz and unavoidable genius interference", "1"], ["muka muka", "1"], ["MathMetal", "1"], ["melodic hardcore", "1"], ["thrashcore", "1"], ["FUCKING AWESOME", "1"], ["Math-metal", "1"], ["Avant-garde Metal", "1"], ["My Favorites", "1"], ["post hardcore", "1"], ["Energetic", "1"], ["technical", "1"], ["sex", "1"], ["amazing", "1"], ["Experimental Rock", "1"], ["beautiful", "1"], ["tech metal", "1"], ["Awesome", "1"], ["grindcore", "1"], ["Progressive", "1"], ["pop", "1"], ["heavy", "1"], ["rock", "1"], ["Uplifting", "1"], ["godlike genius", "1"], ["adrenaline", "1"], ["pwnage", "1"], ["Truly Great", "1"], ["spazz-out favorites", "1"], ["thursday", "1"], ["songs to wake up to", "1"], ["music to dance to", "1"], ["experemental", "1"], ["Indie Metal", "1"], ["kick ass", "1"], ["best songs ever", "1"]], "track_id": "TRAACER128F4290F96", "title": "Setting Fire to Sleeping Giants"}