{"artist": "Azis", "timestamp": "2011-08-01 23:43:54.251961", "similars": [["TRCYGKB12903CBEAEA", 0.012272999999999999], ["TRSQGMG12903CBEACD", 0.012272999999999999], ["TRFHFQJ128F426A2E1", 0.0100059], ["TRFCQOR128F4266770", 0.0099958000000000009], ["TRVECSB128F4266776", 0.0099906200000000004], ["TRXKFON128E079078A", 0.0098436900000000004], ["TRZXHGH128F423F8FD", 0.0089481200000000004], ["TRYIORA128F423F8FB", 0.0089481200000000004], ["TRVKOZJ128F92F8690", 0.0082841600000000005], ["TRUIFHF12903D06E80", 0.0082841600000000005]], "tags": [["bulgarian", "100"], ["AZIS", "83"], ["sexy swingers", "50"], ["robertitus global", "33"], ["chalga", "33"], ["Musica Bulgara", "16"], ["fierce tranny", "16"], ["Choli Ke Peeche", "16"], ["Redlens Chalga", "16"], ["balcan", "16"], ["balkan", "16"], ["pop-folk", "16"], ["Gypsy", "16"], ["Pop Folk", "16"], ["Indian", "16"], ["Fusion", "16"], ["best", "16"], ["world", "16"], ["party", "16"], ["pop", "16"], ["worst thing ever to happen to music", "0"], ["jjjj", "0"], ["foolish", "0"], ["orospu cocugu", "0"], ["give mi", "0"]], "track_id": "TRABJIA128F14B189F", "title": "ANTI GEROI"}