{"artist": "The Field Mice", "timestamp": "2011-08-04 03:53:22.623989", "similars": [], "tags": [["twee", "100"], ["Austin Loved Tracks", "50"], ["sorglegt", "50"], ["siete pulgadas", "50"], ["The Wake", "50"], ["The Go-Betweens", "50"], ["Still feeling the bruise", "50"], ["Colorado Springs", "50"], ["gott", "50"], ["1989", "50"], ["new order", "50"], ["synths", "50"], ["Favourites", "50"], ["indie rock", "50"], ["indie pop", "50"], ["alternative", "50"], ["indie", "50"], ["easy listening", "50"]], "track_id": "TRAAWUH128F427F12C", "title": "When Morning Comes To Town"}