{"artist": "Test Icicles", "timestamp": "2011-08-02 04:41:52.984355", "similars": [], "tags": [["indie", "100"], ["alternative", "100"], ["Test icicles", "100"], ["ssdcsdc", "50"], ["to or not", "50"], ["love it like le kittins on a stick", "50"], ["why not", "50"], ["Nintendocore", "50"], ["trippy", "50"], ["brit rock", "50"], ["punk rock", "50"], ["indie rock", "50"], ["punk", "50"], ["metal", "50"], ["noise-rock", "0"], ["dance-punk", "0"], ["experimental", "0"], ["alternative rock", "0"]], "track_id": "TRAAOIN128F9303790", "title": "Snowball"}